CREATE TABLE WORKS  (EMPNUM   VARCHAR(3) NOT NULL,   PNUM     VARCHAR(3) NOT NULL,HOURS    DECIMAL(5));
INSERT INTO WORKS VALUES  ('E1','P1',40);
INSERT INTO WORKS VALUES  ('E1','P2',20);
INSERT INTO WORKS VALUES  ('E1','P3',80);
INSERT INTO WORKS VALUES  ('E1','P4',20);
INSERT INTO WORKS VALUES  ('E1','P5',12);
INSERT INTO WORKS VALUES  ('E1','P6',12);
INSERT INTO WORKS VALUES  ('E2','P1',40);
INSERT INTO WORKS VALUES  ('E2','P2',80);
INSERT INTO WORKS VALUES  ('E3','P2',20);
INSERT INTO WORKS VALUES  ('E4','P2',20);
INSERT INTO WORKS VALUES  ('E4','P4',40);
INSERT INTO WORKS VALUES  ('E4','P5',80);

CREATE TABLE STAFF (EMPNUM   VARCHAR(3) NOT NULL, EMPNAME  VARCHAR(20), GRADE DECIMAL(4), CITY     VARCHAR(15));
INSERT INTO STAFF VALUES ('E1','Alice',12,'Deale');
INSERT INTO STAFF VALUES ('E2','Betty',10,'Vienna');
INSERT INTO STAFF VALUES ('E3','Carmen',13,'Vienna');
INSERT INTO STAFF VALUES ('E4','Don',12,'Deale');
INSERT INTO STAFF VALUES ('E5','Ed',13,'Akron');

CREATE TABLE UPUNIQ (NUMKEY  DECIMAL(3) NOT NULL, COL2    VARCHAR(2));
INSERT INTO UPUNIQ VALUES(1,'A');
INSERT INTO UPUNIQ VALUES(2,'B');
INSERT INTO UPUNIQ VALUES(3,'C');
INSERT INTO UPUNIQ VALUES(4,'D');
INSERT INTO UPUNIQ VALUES(6,'F');
INSERT INTO UPUNIQ VALUES(8,'H');

CREATE TABLE PROJ (PNUM     VARCHAR(3) NOT NULL, PNAME    VARCHAR(20), PTYPE VARCHAR(6), BUDGET   DECIMAL(9), CITY     VARCHAR(15)) ;

INSERT INTO PROJ VALUES  ('P1','MXSS','Design',10000,'Deale');
INSERT INTO PROJ VALUES  ('P2','CALM','Code',30000,'Vienna');
INSERT INTO PROJ VALUES  ('P3','SDP','Test',30000,'Tampa');
INSERT INTO PROJ VALUES  ('P4','SDP','Design',20000,'Deale');
INSERT INTO PROJ VALUES  ('P5','IRM','Test',10000,'Vienna');
INSERT INTO PROJ VALUES  ('P6','PAYR','Design',50000,'Deale');